
INSERT INTO USER (ID, USERNAME, PASSWORD, FIRSTNAME, LASTNAME, EMAIL, ENABLED, LASTPASSWORDRESETDATE) VALUES (1, 'mrred', '$2a$04$K6vAPRdHnEdwYEdvE0xJ5..sCapJM8HLMM5M.TAQcfQYU47lXOICC', 'admin', 'admin', 'mrred@admin.com', 1, PARSEDATETIME('01-01-2018', 'dd-MM-yyyy'));
INSERT INTO USER (ID, USERNAME, PASSWORD, FIRSTNAME, LASTNAME, EMAIL, ENABLED, LASTPASSWORDRESETDATE) VALUES (2, 'mrwhite', '$2a$04$ChWkuxrW/E7WbWIWEzy0T.TNxVwT9VGDGhnGyDCg3H5lI6qoFLxlK', 'user', 'user', 'mrwhited@user.com', 1, PARSEDATETIME('01-01-2018','dd-MM-yyyy'));
INSERT INTO USER (ID, USERNAME, PASSWORD, FIRSTNAME, LASTNAME, EMAIL, ENABLED, LASTPASSWORDRESETDATE) VALUES (4, 'mrpink', '$2a$04$4mZgQHTNTyObCNdOuh7FD.A.9fXOCHSRrp8aL6b7lEnIp/zrd4nSy', 'user', 'user', 'mrpink@admin.com', 1, PARSEDATETIME('01-01-2018','dd-MM-yyyy'));
INSERT INTO USER (ID, USERNAME, PASSWORD, FIRSTNAME, LASTNAME, EMAIL, ENABLED, LASTPASSWORDRESETDATE) VALUES (3, 'disabled', '$2a$04$t7aWHDn2.0PVZYfMpQHNietw3KhRXKxeuxutbLDLQ.CweMQUHD/dW', 'user', 'user', 'disabled@user.com', 0, PARSEDATETIME('01-01-2018','dd-MM-yyyy'));
INSERT INTO USER (ID, USERNAME, PASSWORD, FIRSTNAME, LASTNAME, EMAIL, ENABLED, LASTPASSWORDRESETDATE) VALUES (5, 'mrgreen', '$2a$04$uOaCCGxuay6NUX.JJ6l4reHMldfo8FCJ8yiKEXCGZbi./QFsFztpG', 'user', 'user', 'mrgreen@user.com', 1, PARSEDATETIME('01-01-2018','dd-MM-yyyy'));

INSERT INTO AUTHORITY (ID, NAME) VALUES (1, 'ROLE_USER');
INSERT INTO AUTHORITY (ID, NAME) VALUES (2, 'ROLE_ADMIN');

INSERT INTO USER_AUTHORITY (USER_ID, AUTHORITY_ID) VALUES (1, 1);
INSERT INTO USER_AUTHORITY (USER_ID, AUTHORITY_ID) VALUES (1, 2);
INSERT INTO USER_AUTHORITY (USER_ID, AUTHORITY_ID) VALUES (2, 1);
INSERT INTO USER_AUTHORITY (USER_ID, AUTHORITY_ID) VALUES (3, 1);
INSERT INTO USER_AUTHORITY (USER_ID, AUTHORITY_ID) VALUES (4, 1);
INSERT INTO USER_AUTHORITY (USER_ID, AUTHORITY_ID) VALUES (4, 2);
INSERT INTO USER_AUTHORITY (USER_ID, AUTHORITY_ID) VALUES (5, 1);